{"schemaVersion":"1.0","appDefinitionTemplate":{"id":"/providers/Microsoft.PowerApps/apps/","type":"Microsoft.PowerApps/apps","tags":{"primaryDeviceWidth":"640","primaryDeviceHeight":"1136","supportsPortrait":"true","supportsLandscape":"true","primaryFormFactor":"Phone","publisherVersion":"3.22122.15","minimumRequiredApiVersion":"2.2.0","hasComponent":"false","hasUnlockedComponent":"false","isUnifiedRootApp":"false","sienaVersion":"20230107T012542Z-3.22122.15.0"},"properties":{"appVersion":"2023-01-07T01:25:42Z","lifeCycleId":"Published","createdByClientVersion":{"major":3,"minor":22122,"build":15,"revision":0,"majorRevision":0,"minorRevision":0},"minClientVersion":{"major":3,"minor":22122,"build":15,"revision":0,"majorRevision":0,"minorRevision":0},"backgroundColor":"rgba(255, 255, 255, 1)","backgroundImageUri":"/3406594511637510958/N302be5c8-2a04-4e4c-b9e4-24712dd4884a-logoSmallFile","displayName":"電子サイン","description":"","commitMessage":"","appUris":{"documentUri":{"value":"/3406594511637510958/N75809223-e2d0-453a-a91a-3299b89f5d91-document.msapp"},"imageUris":[],"additionalUris":[]},"createdTime":"0001-01-01T00:00:00Z","lastModifiedTime":"0001-01-01T00:00:00Z","sharedGroupsCount":0,"sharedUsersCount":0,"icons":{"smallIconUri":"/3406594511637510958/N61145f19-ed4f-479f-acce-5c941047050d-small.png","mediumIconUri":"/3406594511637510958/N257a2eeb-878c-4fc9-93f0-f555eb6e81bf-medium.png","largeIconUri":"/3406594511637510958/Ne74e6f18-15ba-435e-8385-d6662f213111-large.png","wideIconUri":"/3406594511637510958/Nea1fcf25-4972-4071-982d-e967605b36f4-wide.png"},"connectionReferences":{},"databaseReferences":{"default.cds":{"databaseDetails":{"referenceType":"Environmental","environmentName":"default.cds","overrideValues":{"status":"NotSpecified"}},"dataSources":{"署名":{"entitySetName":"ya_signatures","logicalName":"ya_signature"}},"actions":["providers/PowerPlatform.Governance/Operations/Read","providers/PowerPlatform.Governance/Operations/Write","providers/PowerPlatform.Governance/Operations/Delete"]}},"almMode":"Solution","performanceOptimizationEnabled":true,"canConsumeAppPass":true,"enableModernRuntimeMode":false,"executionRestrictions":{"isTeamsOnly":false,"dataLossPreventionEvaluationResult":{"status":"Compliant","lastEvaluationDate":"2023-01-06T03:37:04.666234Z","violations":[],"violationsByPolicy":[],"violationErrorMessage":"このアプリでは、次のコネクタが使用されます: shared_commondataservice。"}}},"appType":"ClassicCanvasApp","appComponents":[]}}